;year;kommune;perc_change;forandr;reference;faktisk_perf;forventet_perf;indbyggertal;exp;borgmesterskift;partiskift;social;newyear;perc_change_sd
1;2019;Fanø Kommune;0,000979046;4;0,8;8,3;7,5;3404;68991;1;1;1;01-01-2019;0,769502979
2;2019;Morsø Kommune;0,000552635;3;0,5;7,1;6,6;20403;69409;0;0;2;01-01-2019;0,434355629
3;2016;Brønderslev Kommune;0,005698883;97;0,4;7,2;6,8;36047;59342;0;0;1;01-01-2016;4,479162289
4;2016;Favrskov Kommune;0,004771514;112;0,4;7,7;7,3;47655;57903;0;0;2;01-01-2016;3,750275961
5;2016;Kolding Kommune;0,001986268;131;0,4;7,4;7;91695;58104;0;0;3;01-01-2016;1,561150948
6;2016;Ærø Kommune;0,002465202;126;0,4;7;6,6;6290;61465;1;0;4;01-01-2016;1,937579809
7;2017;Solrød Kommune;0,003222645;87;0,4;7,7;7,3;22147;60541;0;0;1;01-01-2017;2,53290873
8;2018;Brønderslev Kommune;0,00610174;73;0,4;7,5;7,1;36289;60811;0;0;1;01-01-2018;4,79579676
9;2018;Kolding Kommune;0,001957854;120;0,4;7,5;7,1;92515;59452;0;0;2;01-01-2018;1,538818709
10;2018;Solrød Kommune;0,002690618;79;0,4;7,7;7,3;22518;64473;0;0;3;01-01-2018;2,114750577
11;2019;Vallensbæk Kommune;0,004033534;17;0,4;7,2;6,8;16654;68371;0;0;3;01-01-2019;3,170244897
12;2019;Ærø Kommune;0,001619832;25;0,4;7,5;7,1;6058;63595;1;0;4;01-01-2019;1,273142476
13;2016;Egedal Kommune;0,003401496;87;0,4;7,8;7,4;42773;65310;0;0;5;01-01-2016;2,673480407
14;2016;Nyborg Kommune;0,001096397;39;0,4;7,1;6,7;31886;57545;0;0;6;01-01-2016;0,861737559
15;2018;Billund Kommune;0,002096277;87;0,4;7,1;6,7;26482;69247;0;0;4;01-01-2018;1,647614853
16;2018;Skive Kommune;0,002757253;95;0,4;7,3;6,9;46599;66148;0;0;5;01-01-2018;2,16712338
17;2016;Roskilde Kommune;0,001574919;62;0,3;7,9;7,6;86207;73704;0;0;7;01-01-2016;1,237842143
18;2017;Kolding Kommune;0,001169906;48;0,3;7,4;7,1;92282;59627;0;0;2;01-01-2017;0,919513232
19;2018;Dragør Kommune;0,002993258;97;0,3;7,9;7,6;14272;66548;0;0;6;01-01-2018;2,352616725
20;2019;Kolding Kommune;0,001861819;29;0,3;7,4;7,1;92893;61621;0;0;5;01-01-2019;1,463337516
21;2016;Billund Kommune;0,001239763;67;0,3;7;6,7;26434;64818;0;0;8;01-01-2016;0,974418723
22;2016;Herning Kommune;0,001827261;137;0,3;7,3;7;87593;59118;0;0;9;01-01-2016;1,436176235
23;2016;Holstebro Kommune;0,002270895;56;0,3;7,3;7;57661;54120;0;0;10;01-01-2016;1,784859712
24;2016;Langeland Kommune;0,001714346;48;0,3;6,8;6,5;12547;90670;1;1;11;01-01-2016;1,34742785
25;2016;Skanderborg Kommune;0,005163381;271;0,3;7,7;7,4;59481;60617;0;0;12;01-01-2016;4,058273032
26;2016;Varde Kommune;0,002693794;60;0,3;7,1;6,8;50289;68071;0;0;13;01-01-2016;2,117246445
27;2017;Assens Kommune;0,002247605;109;0,3;7,2;6,9;41390;63637;0;0;3;01-01-2017;1,766554783
28;2017;Billund Kommune;0,00294187;167;0,3;7,2;6,9;26481;67587;0;0;4;01-01-2017;2,31222753
29;2017;Favrskov Kommune;0,001961696;46;0,3;7,5;7,2;47915;56972;0;0;5;01-01-2017;1,5418377
30;2017;Faaborg-Midtfyn Kommune;0,001307915;35;0,3;7,1;6,8;51376;63786;1;1;6;01-01-2017;1,027984501
31;2017;Hedensted Kommune;0,000188413;3;0,3;7,2;6,9;46524;63679;1;1;7;01-01-2017;0,148086996
32;2017;Herning Kommune;0,001916032;77;0,3;7,3;7;88386;61841;0;0;8;01-01-2017;1,50594733
33;2017;Holstebro Kommune;0,002158409;35;0,3;7,5;7,2;58125;57844;0;0;9;01-01-2017;1,696448772
34;2017;Mariagerfjord Kommune;0,002134616;61;0,3;7,1;6,8;42066;66689;0;0;10;01-01-2017;1,677748064
35;2017;Viborg Kommune;0,001960035;99;0,3;7,3;7;96477;59457;1;1;11;01-01-2017;1,540532401
36;2018;Assens Kommune;0,00146468;61;0,3;7;6,7;41328;64838;0;0;7;01-01-2018;1,151197476
37;2018;Brøndby Kommune;0,001881335;9;0,3;6,7;6,4;35538;79678;0;0;8;01-01-2018;1,478676923
38;2018;Herning Kommune;0,002188739;101;0,3;7,3;7;88733;61048;0;0;9;01-01-2018;1,720287444
39;2018;Nyborg Kommune;0,002485432;85;0,3;7;6,7;32032;59216;0;0;10;01-01-2018;1,953480257
40;2018;Skanderborg Kommune;0,0041039;231;0,3;7,7;7,4;61158;64734;0;0;11;01-01-2018;3,225550002
41;2019;Herning Kommune;0,002673426;18;0,3;7,2;6,9;88917;62527;0;0;6;01-01-2019;2,101237596
42;2019;Jammerbugt Kommune;0,002850187;52;0,3;7;6,7;38460;68966;0;0;7;01-01-2019;2,240167409
43;2019;Kerteminde Kommune;0,001408325;7;0,3;7,2;6,9;23773;69186;1;1;8;01-01-2019;1,106904187
44;2019;Varde Kommune;0,002267481;33;0,3;7,1;6,8;50129;66978;0;0;9;01-01-2019;1,78217645
45;2019;Vejen Kommune;0,00363288;29;0,3;7;6,7;42863;62294;0;0;10;01-01-2019;2,855341761
46;2018;Gentofte Kommune;0,00262331;47;0,2;8,3;8,1;75803;58893;0;0;12;01-01-2018;2,06184822
47;2016;Assens Kommune;0,002483262;80;0,2;7;6,8;41224;63227;0;0;14;01-01-2016;1,951774654
48;2016;Fanø Kommune;0,001249904;38;0,2;7,9;7,7;3290;70175;1;1;15;01-01-2016;0,982389654
49;2016;Haderslev Kommune;0,003372143;120;0,2;7;6,8;56029;61217;0;0;16;01-01-2016;2,65040958
50;2016;Hedensted Kommune;0,001789891;26;0,2;7;6,8;46206;60304;1;1;17;01-01-2016;1,406804114
51;2016;Ikast-Brande Kommune;0,001737284;98;0,2;6,7;6,5;40798;64977;1;0;18;01-01-2016;1,365456472
52;2016;Jammerbugt Kommune;0,002694574;77;0,2;7;6,8;38466;60692;0;0;19;01-01-2016;2,117860034
53;2016;Lemvig Kommune;0,001177917;30;0,2;7;6,8;20399;65762;0;0;20;01-01-2016;0,92580963
54;2016;Nordfyns Kommune;0,000837559;18;0,2;6,7;6,5;29298;64842;0;0;21;01-01-2016;0,658298255
55;2016;Struer Kommune;0,002111985;35;0,2;6,9;6,7;21474;66711;1;1;22;01-01-2016;1,659961348
56;2016;Tårnby Kommune;0,001748731;35;0,2;6,7;6,5;42860;69046;1;0;23;01-01-2016;1,374453846
57;2016;Vesthimmerlands Kommune;0,002330311;64;0,2;6,9;6,7;37296;64999;1;1;24;01-01-2016;1,831558759
58;2017;Fredensborg Kommune;0,00356144;106;0,2;7,7;7,5;40504;63890;0;0;12;01-01-2017;2,799192199
59;2017;Silkeborg Kommune;0,002510759;119;0,2;7,4;7,2;91237;58003;0;0;13;01-01-2017;1,973386546
60;2017;Skive Kommune;0,002402659;78;0,2;7,2;7;46540;64472;0;0;14;01-01-2017;1,888422679
61;2017;Varde Kommune;0,001203734;72;0,2;7;6,8;50452;66171;0;0;15;01-01-2017;0,946100996
62;2018;Favrskov Kommune;0,001607565;63;0,2;7,3;7,1;48271;60181;0;0;13;01-01-2018;1,263500982
63;2018;Horsens Kommune;0,005818019;302;0,2;7;6,8;89598;61606;0;0;14;01-01-2018;4,572800218
64;2018;Ikast-Brande Kommune;0,002180705;83;0,2;6,8;6,6;41191;66020;1;0;15;01-01-2018;1,713973213
65;2018;Kerteminde Kommune;0,003168105;54;0,2;7,2;7;23756;68491;1;1;16;01-01-2018;2,490041896
66;2018;Mariagerfjord Kommune;0,002257324;72;0,2;7,2;7;42125;68524;0;0;17;01-01-2018;1,774193012
67;2018;Nordfyns Kommune;0,001343832;19;0,2;7;6,8;29516;67645;0;0;18;01-01-2018;1,056214639
68;2018;Odder Kommune;0,001293665;55;0,2;7,4;7,2;22626;63149;0;0;19;01-01-2018;1,01678418
69;2018;Rebild Kommune;0,002460509;144;0,2;7,5;7,3;29827;62887;0;0;20;01-01-2018;1,933891242
70;2018;Slagelse Kommune;0,005875201;233;0,2;6,8;6,6;78968;69384;1;1;21;01-01-2018;4,617743401
71;2018;Struer Kommune;0,002175252;44;0,2;7,2;7;21270;68639;1;1;22;01-01-2018;1,709687113
72;2018;Aabenraa Kommune;0,00158841;140;0,2;6,8;6,6;59089;65813;0;0;23;01-01-2018;1,248446002
73;2019;Billund Kommune;0,00176699;27;0,2;7;6,8;26629;67751;0;0;11;01-01-2019;1,38880472
74;2019;Holstebro Kommune;0,000801282;1;0,2;7,4;7,2;58504;59828;0;0;12;01-01-2019;0,629785234
75;2019;Horsens Kommune;0,001994366;36;0,2;7;6,8;90370;61871;0;0;13;01-01-2019;1,567515428
76;2019;Mariagerfjord Kommune;0,001170483;9;0,2;7;6,8;42055;67653;0;0;14;01-01-2019;0,91996708
77;2019;Randers Kommune;0,001166232;26;0,2;6,7;6,5;97909;63027;1;1;15;01-01-2019;0,916625839
78;2019;Sønderborg Kommune;0,001256699;8;0,2;7;6,8;74561;64524;0;0;16;01-01-2019;0,987730345
79;2019;Thisted Kommune;0,003328198;63;0,2;6,9;6,7;43660;65831;1;1;17;01-01-2019;2,615870506
80;2019;Aabenraa Kommune;0,001579913;29;0,2;6,7;6,5;59035;64825;0;0;18;01-01-2019;1,241767211
81;2016;Skive Kommune;0,001438574;58;0,2;7,1;6,9;46639;63528;0;0;25;01-01-2016;1,130678475
82;2016;Syddjurs Kommune;0,001852155;66;0,2;7,1;6,9;41889;67416;1;1;26;01-01-2016;1,455741743
83;2016;Vallensbæk Kommune;0,00390484;106;0,2;7,6;7,4;15419;66405;0;0;27;01-01-2016;3,069094586
84;2017;Esbjerg Kommune;0,003613851;131;0,2;7,1;6,9;115905;61940;1;0;16;01-01-2017;2,840385379
85;2017;Furesø Kommune;0,001919638;82;0,2;8,1;7,9;40613;68966;0;0;17;01-01-2017;1,508782036
86;2017;Hørsholm Kommune;0,001458838;22;0,2;8,6;8,4;24977;62732;0;0;18;01-01-2017;1,146605531
87;2017;Norddjurs Kommune;0,001590324;59;0,2;6,6;6,4;38099;74564;0;0;19;01-01-2017;1,249950128
88;2018;Allerød Kommune;0,002085888;127;0,2;8,2;8;25235;66901;1;1;24;01-01-2018;1,63944945
89;2018;Faaborg-Midtfyn Kommune;0,003139896;85;0,2;7,1;6,9;51536;65149;1;1;25;01-01-2018;2,467870497
90;2018;Odense Kommune;0,001742396;142;0,2;7,1;6,9;202348;62856;0;0;26;01-01-2018;1,369474112
91;2019;Faaborg-Midtfyn Kommune;0,00185313;17;0,2;6,6;6,4;51809;65106;1;1;19;01-01-2019;1,456508254
92;2019;Struer Kommune;0,000589581;3;0,2;7,1;6,9;21143;75956;1;1;20;01-01-2019;0,463394526
93;2016;Faxe Kommune;0,001823002;68;0,1;6,7;6,6;35614;59444;0;0;28;01-01-2016;1,432828836
94;2016;Fredensborg Kommune;0,001830825;76;0,1;7,7;7,6;40112;66208;0;0;29;01-01-2016;1,438977207
95;2016;Faaborg-Midtfyn Kommune;0,001129656;28;0,1;6,7;6,6;51236;61068;1;1;30;01-01-2016;0,887877995
96;2016;Læsø Kommune;0,0020106;40;0,1;6,7;6,6;1817;81522;1;1;31;01-01-2016;1,580275502
97;2016;Silkeborg Kommune;0,002425662;106;0,1;7,2;7,1;90719;56646;0;0;32;01-01-2016;1,906502606
98;2016;Solrød Kommune;0,001867499;44;0,1;7,4;7,3;21788;60324;0;0;33;01-01-2016;1,467801492
99;2016;Aabenraa Kommune;0,002311336;113;0,1;6,9;6,8;58869;63663;0;0;34;01-01-2016;1,816644933
100;2017;Bornholms Kommune;0,003599269;138;0,1;6,9;6,8;39695;65332;0;0;20;01-01-2017;2,828924333
101;2017;Brønderslev Kommune;0,004322806;71;0,1;6,9;6,8;36128;60571;0;0;21;01-01-2017;3,397604101
102;2017;Haderslev Kommune;0,003094593;145;0,1;6,9;6,8;56045;63796;0;0;22;01-01-2017;2,432263518
103;2017;Horsens Kommune;0,003569747;110;0,1;6,9;6,8;89030;60441;0;0;23;01-01-2017;2,805720993
104;2017;Ikast-Brande Kommune;0,002191568;87;0,1;6,7;6,6;40981;66564;1;0;24;01-01-2017;1,722510906
105;2017;Nyborg Kommune;0,002161816;77;0,1;6,7;6,6;32142;57981;0;0;25;01-01-2017;1,699127052
106;2017;Svendborg Kommune;0,001815501;95;0,1;7,2;7,1;58510;68065;1;1;26;01-01-2017;1,426932911
107;2017;Sønderborg Kommune;0;0;0,1;6,9;6,8;74801;65943;0;0;27;01-01-2017;0
108;2017;Aalborg Kommune;0,002629016;195;0,1;7,2;7,1;211937;66722;0;0;28;01-01-2017;2,066332542
109;2017;Aarhus Kommune;0,00115022;10;0,1;7,4;7,3;335684;63473;0;0;29;01-01-2017;0,904040889
110;2018;Fredensborg Kommune;0,002329131;109;0,1;7,7;7,6;40779;66682;0;0;27;01-01-2018;1,83063172
111;2018;Frederikshavn Kommune;0,003647285;103;0,1;6,7;6,6;60140;66149;0;0;28;01-01-2018;2,866663605
112;2018;Hjørring Kommune;0,003096525;187;0,1;6,7;6,6;65257;63961;0;0;29;01-01-2018;2,433782146
113;2018;Randers Kommune;0,002055276;103;0,1;6,7;6,6;98265;62758;1;1;30;01-01-2018;1,615389293
114;2018;Ringkøbing-Skjern Kommune;0,001596768;221;0,1;6,7;6,6;57005;62699;1;0;31;01-01-2018;1,255014739
115;2018;Samsø Kommune;0,001117314;66;0,1;6,4;6,3;3720;83258;0;0;32;01-01-2018;0,878177667
116;2019;Frederikshavn Kommune;0,002116046;16;0,1;6,7;6,6;59987;66598;0;0;21;01-01-2019;1,663152669
117;2019;Læsø Kommune;0,001334096;4;0,1;6,9;6,8;1806;100530;1;1;22;01-01-2019;1,048561808
118;2019;Syddjurs Kommune;0,001774949;27;0,1;6,9;6,8;42768;68149;1;1;23;01-01-2019;1,395060531
119;2019;Vejle Kommune;0,00268444;40;0,1;7,2;7,1;114830;64442;0;0;24;01-01-2019;2,109894715
120;2016;Allerød Kommune;0,00270976;420;0,1;8,1;8;24732;61112;1;1;35;01-01-2016;2,129795649
121;2016;Frederikshavn Kommune;0,002041707;80;0,1;6,8;6,7;60246;63640;0;0;36;01-01-2016;1,604724263
122;2016;Furesø Kommune;0,001514483;73;0,1;8;7,9;40156;67234;0;0;37;01-01-2016;1,190340918
123;2016;Hørsholm Kommune;0,000808861;15;0,1;8,2;8,1;24965;61198;0;0;38;01-01-2016;0,635742333
124;2016;Mariagerfjord Kommune;0,002675979;46;0,1;7,1;7;42131;64653;0;0;39;01-01-2016;2,103244402
125;2016;Rebild Kommune;0,002901723;159;0,1;7,1;7;29149;61013;0;0;40;01-01-2016;2,280672889
126;2016;Rødovre Kommune;0,00139427;29;0,1;7;6,9;38002;75164;0;0;41;01-01-2016;1,095856869
127;2016;Svendborg Kommune;0,003860516;133;0,1;7,1;7;58228;66018;1;1;42;01-01-2016;3,034257486
128;2016;Viborg Kommune;0,001587006;81;0,1;7,1;7;95776;56998;1;1;43;01-01-2016;1,24734217
129;2016;Aalborg Kommune;0,002220366;180;0,1;7,3;7,2;210316;65850;0;0;44;01-01-2016;1,745145101
130;2016;Aarhus Kommune;0,000835296;14;0,1;7,3;7,2;330639;62334;0;0;45;01-01-2016;0,656519416
131;2017;Egedal Kommune;0,00162542;44;0,1;7,6;7,5;43082;66832;0;0;30;01-01-2017;1,277534348
132;2017;Frederikshavn Kommune;0,002403178;87;0,1;6,8;6,7;60356;66731;0;0;31;01-01-2017;1,888830671
133;2017;Rebild Kommune;0,002931088;190;0,1;7,5;7,4;29391;60332;0;0;32;01-01-2017;2,303753025
134;2017;Skanderborg Kommune;0,004366685;300;0,1;7,5;7,4;60401;62136;0;0;33;01-01-2017;3,43209189
135;2017;Syddjurs Kommune;0,001527174;65;0,1;7,1;7;42021;67402;1;1;34;01-01-2017;1,200315668
136;2017;Tårnby Kommune;0,002990643;65;0,1;7;6,9;43010;68811;1;0;35;01-01-2017;2,350561523
137;2017;Vesthimmerlands Kommune;0,002017444;77;0,1;6,8;6,7;37285;65464;1;1;36;01-01-2017;1,585654105
138;2017;Ærø Kommune;0,00201117;102;0,1;7,1;7;6177;60492;1;0;37;01-01-2017;1,580723107
139;2017;Aabenraa Kommune;0,001903088;91;0,1;6,8;6,7;59003;65407;0;0;38;01-01-2017;1,495773795
140;2018;Ballerup Kommune;0,003176716;119;0,1;7,3;7,2;48295;79247;0;0;33;01-01-2018;2,49680963
141;2018;Esbjerg Kommune;0,005100847;281;0,1;7;6,9;116032;64247;1;0;34;01-01-2018;4,009123017
142;2018;Hedensted Kommune;0,003498976;58;0,1;7;6,9;46616;65203;1;1;35;01-01-2018;2,750096912
143;2018;Holstebro Kommune;0,003069425;86;0,1;7,1;7;58418;58656;0;0;36;01-01-2018;2,412481986
144;2018;Lemvig Kommune;0,00163653;43;0,1;7,1;7;20133;72629;0;0;37;01-01-2018;1,28626693
145;2018;Rudersdal Kommune;0,003692068;167;0,1;8,2;8,1;55989;64203;0;0;38;01-01-2018;2,901861647
146;2018;Vejen Kommune;0,002050075;78;0,1;6,8;6,7;42844;63511;0;0;39;01-01-2018;1,611301777
147;2018;Vejle Kommune;0,001831586;59;0,1;7,1;7;114140;63222;0;0;40;01-01-2018;1,439575094
148;2018;Viborg Kommune;0,001815283;84;0,1;7,1;7;96883;60820;1;1;41;01-01-2018;1,426761805
149;2018;Ærø Kommune;0,001633756;83;0,1;7,1;7;6178;63500;1;0;42;01-01-2018;1,284086542
150;2018;Aalborg Kommune;0,002110108;180;0,1;7,3;7,2;213558;68294;0;0;43;01-01-2018;1,6584857
151;2019;Allerød Kommune;0,001884463;32;0,1;8,1;8;25646;70915;1;1;25;01-01-2019;1,481134913
152;2019;Assens Kommune;0,00301975;34;0,1;6,8;6,7;41212;65062;0;0;26;01-01-2019;2,373439173
153;2019;Esbjerg Kommune;0,002725413;32;0,1;7,1;7;115652;66416;1;0;27;01-01-2019;2,142098522
154;2019;Fredensborg Kommune;0,002334724;26;0,1;7,5;7,4;40819;70766;0;0;28;01-01-2019;1,835027616
155;2019;Gentofte Kommune;0,001511944;5;0,1;8,2;8,1;75176;58904;0;0;29;01-01-2019;1,188345891
156;2019;Gladsaxe Kommune;0,003365639;26;0,1;7,5;7,4;69681;71758;0;0;30;01-01-2019;2,645297915
157;2019;Hedensted Kommune;0,004397755;25;0,1;7;6,9;46747;64335;1;1;31;01-01-2019;3,456511798
158;2019;Køge Kommune;0,000746867;3;0,1;7,1;7;60675;72296;1;1;32;01-01-2019;0,587016152
159;2019;Lemvig Kommune;0,000534353;5;0,1;7;6,9;19998;72285;0;0;33;01-01-2019;0,419986555
160;2019;Lyngby-Taarbæk Kommune;0,006293887;146;0,1;8,1;8;55790;64546;0;0;34;01-01-2019;4,946818905
161;2019;Norddjurs Kommune;0,000795329;14;0,1;6,3;6,2;37680;73182;0;0;35;01-01-2019;0,625106268
162;2019;Rebild Kommune;0,00311911;74;0,1;7,3;7,2;29916;62699;0;0;36;01-01-2019;2,451532866
163;2019;Silkeborg Kommune;0,001829797;29;0,1;7,3;7,2;93054;61247;0;0;37;01-01-2019;1,438168997
164;2019;Slagelse Kommune;0,001834642;46;0,1;6,6;6,5;79073;69590;1;1;38;01-01-2019;1,441977082
165;2019;Solrød Kommune;0,002041469;28;0,1;7,6;7,5;23065;62455;0;0;39;01-01-2019;1,604537387
166;2019;Svendborg Kommune;0,000934133;15;0,1;7,1;7;58599;67780;1;1;40;01-01-2019;0,734202234
167;2019;Aalborg Kommune;0,003208319;107;0,1;7,1;7;215312;69837;0;0;41;01-01-2019;2,52164903
168;2019;Aarhus Kommune;0;0;0,1;7,3;7,2;345332;64408;0;0;42;01-01-2019;0
169;2016;Ballerup Kommune;0,004236917;144;0;6,8;6,8;48224;72013;0;0;46;01-01-2016;3,33009822
170;2016;Bornholms Kommune;0,002461335;139;0;6,4;6,4;39756;64477;0;0;47;01-01-2016;1,934540198
171;2016;Brøndby Kommune;0,000829091;2;0;6,2;6,2;35322;75700;0;0;48;01-01-2016;0,651641912
172;2016;Dragør Kommune;0,00262258;173;0;7,8;7,8;14142;58575;0;0;49;01-01-2016;2,061274329
173;2016;Esbjerg Kommune;0,002283263;97;0;6,9;6,9;115748;61710;1;0;50;01-01-2016;1,794580694
174;2016;Frederiksberg Kommune;0,001773634;105;0;7,6;7,6;104481;62242;0;0;51;01-01-2016;1,394026506
175;2016;Gentofte Kommune;0,005028539;97;0;8,2;8,2;75350;56148;0;0;52;01-01-2016;3,952290869
176;2016;Hillerød Kommune;0,001628976;93;0;7,8;7,8;49672;67087;1;1;53;01-01-2016;1,280329231
177;2016;Horsens Kommune;0,00408821;153;0;6,8;6,8;87736;60762;0;0;54;01-01-2016;3,213218369
178;2016;Køge Kommune;0,001555255;38;0;6,9;6,9;59868;63952;1;1;55;01-01-2016;1,222387038
179;2016;Lejre Kommune;0,001830318;95;0;7,3;7,3;27317;62076;0;0;56;01-01-2016;1,438578858
180;2016;Odense Kommune;0,00246399;192;0;6,9;6,9;198972;57610;0;0;57;01-01-2016;1,936627209
181;2016;Rudersdal Kommune;0,003097597;136;0;8,3;8,3;55739;63260;0;0;58;01-01-2016;2,434624569
182;2016;Stevns Kommune;0,00506952;79;0;6,6;6,6;22260;52336;1;1;59;01-01-2016;3,984500345
183;2017;Fanø Kommune;0,001338857;38;0;7,7;7,7;3345;69995;1;1;39;01-01-2017;1,0523044
184;2017;Gentofte Kommune;0,002885345;63;0;8,2;8,2;75805;56815;0;0;40;01-01-2017;2,267800394
185;2017;Gladsaxe Kommune;0,002288094;133;0;7,3;7,3;68775;67488;0;0;41;01-01-2017;1,798377755
186;2017;Glostrup Kommune;0,002625662;115;0;6,8;6,8;22528;74427;0;0;42;01-01-2017;2,063696846
187;2017;Greve Kommune;0,001512044;73;0;7,1;7,1;49921;65078;0;0;43;01-01-2017;1,188423947
188;2017;Hvidovre Kommune;0,002676987;152;0;6,8;6,8;52964;74218;0;0;44;01-01-2017;2,104037065
189;2017;Høje-Taastrup Kommune;0,001871579;74;0;6,5;6,5;50246;73562;0;0;45;01-01-2017;1,47100903
190;2017;Jammerbugt Kommune;0,002703583;99;0;6,7;6,7;38581;61849;0;0;46;01-01-2017;2,12494075
191;2017;Køge Kommune;0,001266532;36;0;6,8;6,8;60109;64670;1;1;47;01-01-2017;0,995459046
192;2017;Lemvig Kommune;0,001111907;26;0;7,1;7,1;20291;65897;0;0;48;01-01-2017;0,873927933
193;2017;Morsø Kommune;0,001775794;59;0;6,3;6,3;20665;68910;0;0;49;01-01-2017;1,395724589
194;2017;Nordfyns Kommune;0,001027743;26;0;6,7;6,7;29446;65067;0;0;50;01-01-2017;0,807776967
195;2017;Odense Kommune;0,002731284;199;0;6,9;6,9;200563;60679;0;0;51;01-01-2017;2,146712954
196;2017;Ringsted Kommune;0,003414014;106;0;6,7;6,7;34259;64545;0;0;52;01-01-2017;2,683319496
197;2017;Rudersdal Kommune;0,002404264;101;0;8,3;8,3;56133;62967;0;0;53;01-01-2017;1,889684188
198;2017;Rødovre Kommune;0,003097688;66;0;6,8;6,8;38492;76625;0;0;54;01-01-2017;2,434695813
199;2017;Samsø Kommune;0,000985802;58;0;6,8;6,8;3724;82388;0;0;55;01-01-2017;0,774812925
200;2017;Sorø Kommune;0,003443728;99;0;7;7;29595;62175;0;0;56;01-01-2017;2,706673484
201;2017;Vejle Kommune;0,002858571;71;0;7,1;7,1;113243;63268;0;0;57;01-01-2017;2,246756921
202;2018;Bornholms Kommune;0,00235587;118;0;6,7;6,7;39632;66890;0;0;44;01-01-2018;1,851648126
203;2018;Fredericia Kommune;0,001999535;43;0;6,5;6,5;51326;64293;0;0;45;01-01-2018;1,571578488
204;2018;Furesø Kommune;0,001095631;32;0;7,7;7,7;40911;70150;0;0;46;01-01-2018;0,861135506
205;2018;Haderslev Kommune;0,002121392;85;0;6,9;6,9;55963;64031;0;0;47;01-01-2018;1,667354935
206;2018;Hillerød Kommune;0,002617294;138;0;7,6;7,6;50650;68225;1;1;48;01-01-2018;2,057120091
207;2018;Hvidovre Kommune;0,003564545;204;0;6,8;6,8;53282;73965;0;0;49;01-01-2018;2,801632854
208;2018;Hørsholm Kommune;0,001601922;47;0;8,2;8,2;25028;65424;0;0;50;01-01-2018;1,259065613
209;2018;Jammerbugt Kommune;0,002952489;129;0;6,7;6,7;38638;63260;0;0;51;01-01-2018;2,320573877
210;2018;Lejre Kommune;0,003005083;121;0;7,3;7,3;27544;66229;0;0;52;01-01-2018;2,361911037
211;2018;Middelfart Kommune;0,001144629;18;0;7,2;7,2;38210;62856;0;0;53;01-01-2018;0,899645976
212;2018;Norddjurs Kommune;0,001381182;108;0;6,3;6,3;38197;74363;0;0;54;01-01-2018;1,085570465
213;2018;Næstved Kommune;0,002553866;193;0;6,8;6,8;82938;66375;0;0;55;01-01-2018;2,007267195
214;2018;Roskilde Kommune;0,005049243;156;0;7,6;7,6;87382;73989;0;0;56;01-01-2018;3,968563856
215;2018;Silkeborg Kommune;0,00284243;131;0;7,2;7,2;92024;59463;0;0;57;01-01-2018;2,234070119
216;2018;Syddjurs Kommune;0,002543752;114;0;6,9;6,9;42468;68819;1;1;58;01-01-2018;1,999317523
217;2018;Sønderborg Kommune;0,003266995;108;0;6,8;6,8;74650;68067;0;0;59;01-01-2018;2,567766439
218;2018;Varde Kommune;0,003130388;169;0;6,7;6,7;50301;68585;0;0;60;01-01-2018;2,460397327
219;2018;Vesthimmerlands Kommune;0,00197654;56;0;6,6;6,6;37277;64917;1;1;61;01-01-2018;1,553504771
220;2019;Ballerup Kommune;0,002302277;26;0;7;7;48458;81103;0;0;43;01-01-2019;1,809524976
221;2019;Brønderslev Kommune;0,013979117;50;0;7;7;36370;61218;0;0;44;01-01-2019;10,98719403
222;2019;Dragør Kommune;0,003815624;31;0;7,8;7,8;14270;60141;0;0;45;01-01-2019;2,998973199
223;2019;Egedal Kommune;0,003775755;16;0;7,3;7,3;43335;68453;0;0;46;01-01-2019;2,967637557
224;2019;Favrskov Kommune;0,0020137;27;0;7,2;7,2;48374;61567;0;0;47;01-01-2019;1,582712059
225;2019;Frederiksberg Kommune;0,000616662;21;0;7,5;7,5;103960;64146;0;0;48;01-01-2019;0,484679004
226;2019;Furesø Kommune;0,00120984;7;0;7,8;7,8;41069;70613;0;0;49;01-01-2019;0,950900704
227;2019;Gribskov Kommune;0,001472769;26;0;6,8;6,8;41195;69263;1;1;50;01-01-2019;1,157555193
228;2019;Herlev Kommune;0,006041477;20;0;6,7;6,7;28786;74488;0;0;51;01-01-2019;4,748431291
229;2019;Hjørring Kommune;0,003048219;78;0;6,7;6,7;64665;61960;0;0;52;01-01-2019;2,395814755
230;2019;Høje-Taastrup Kommune;0,002066282;10;0;6,5;6,5;50686;77114;0;0;53;01-01-2019;1,624039455
231;2019;Hørsholm Kommune;0,00212131;21;0;7,9;7,9;25007;61708;0;0;54;01-01-2019;1,667290235
232;2019;Ikast-Brande Kommune;0,001960161;29;0;6,4;6,4;41282;62285;1;0;55;01-01-2019;1,540631746
233;2019;Lolland Kommune;0,002159005;36;0;5,9;5,9;41615;75285;0;0;56;01-01-2019;1,696917512
234;2019;Nordfyns Kommune;0,002047763;11;0;6,7;6,7;29693;68640;0;0;57;01-01-2019;1,609484517
235;2019;Odense Kommune;0,003010748;93;0;6,9;6,9;204182;63308;0;0;58;01-01-2019;2,366363844
236;2019;Ringkøbing-Skjern Kommune;0,001209382;44;0;6,5;6,5;56930;63412;1;0;59;01-01-2019;0,950540316
237;2019;Roskilde Kommune;0,003480661;44;0;7,5;7,5;87577;73651;0;0;60;01-01-2019;2,735701653
238;2019;Rudersdal Kommune;0,004082094;43;0;8,1;8,1;56509;61088;0;0;61;01-01-2019;3,208411712
239;2019;Skive Kommune;0,001754121;20;0;6,7;6,7;46224;68461;0;0;62;01-01-2019;1,378690088
240;2019;Sorø Kommune;0,003406696;44;0;6,8;6,8;29834;66476;0;0;63;01-01-2019;2,677567655
241;2019;Tønder Kommune;0,001692005;17;0;6,4;6,4;37587;63930;0;0;64;01-01-2019;1,329868882
242;2019;Vesthimmerlands Kommune;0,002103143;56;0;6,5;6,5;37121;67926;1;1;65;01-01-2019;1,653011456
243;2019;Viborg Kommune;0,001238018;24;0;7,1;7,1;97113;61562;1;1;66;01-01-2019;0,97304712
244;2016;Guldborgsund Kommune;0,001316994;52;-0,1;6,4;6,5;60979;62185;0;0;60;01-01-2016;1,03512067
245;2016;Morsø Kommune;0,001968311;76;-0,1;6,4;6,5;20629;67657;0;0;61;01-01-2016;1,547037147
246;2016;Ringsted Kommune;0,001868329;133;-0,1;6,7;6,8;34031;63041;0;0;62;01-01-2016;1,468454503
247;2016;Tønder Kommune;0,003226238;96;-0,1;6,5;6,6;37904;63544;0;0;63;01-01-2016;2,535732897
248;2016;Vejle Kommune;0,005865872;46;-0,1;6,9;7;111743;59943;0;0;64;01-01-2016;4,610411325
249;2017;Allerød Kommune;0,001243205;51;-0,1;8;8,1;24942;68030;1;1;58;01-01-2017;0,977123967
250;2017;Ballerup Kommune;0,00235895;106;-0,1;7;7,1;48231;75335;0;0;59;01-01-2017;1,854068642
251;2017;Gribskov Kommune;0,003075666;104;-0,1;6,9;7;41213;66874;1;1;60;01-01-2017;2,417387291
252;2017;Halsnæs Kommune;0,001744608;70;-0,1;6,7;6,8;31162;71443;1;1;61;01-01-2017;1,371212893
253;2017;Hillerød Kommune;0,001384112;83;-0,1;7,5;7,6;50109;67650;1;1;62;01-01-2017;1,087873526
254;2017;Københavns Kommune;0,004202443;236;-0,1;6,9;7;602481;67009;0;0;63;01-01-2017;3,303002429
255;2017;Lejre Kommune;0,001783288;102;-0,1;7,2;7,3;27402;64523;0;0;64;01-01-2017;1,401614166
256;2017;Næstved Kommune;0,001914994;109;-0,1;6,7;6,8;82581;56342;0;0;65;01-01-2017;1,505131266
257;2017;Odder Kommune;0,005763689;4;-0,1;7,2;7,3;22331;59158;0;0;66;01-01-2017;4,530097823
258;2017;Roskilde Kommune;0,00187533;72;-0,1;7,5;7,6;87015;73569;0;0;67;01-01-2017;1,473956868
259;2017;Slagelse Kommune;0;0;-0,1;6,4;6,5;78828;67278;1;1;68;01-01-2017;0
260;2017;Vallensbæk Kommune;0,001318392;30;-0,1;6,9;7;15705;67352;0;0;69;01-01-2017;1,036219508
261;2018;Faxe Kommune;0,002771207;71;-0,1;6,5;6,6;36139;63934;0;0;62;01-01-2018;2,178090826
262;2018;Guldborgsund Kommune;0,001844778;72;-0,1;6,5;6,6;61219;65721;0;0;63;01-01-2018;1,449943809
263;2018;Herlev Kommune;0,005308478;78;-0,1;6,7;6,8;28572;70328;0;0;64;01-01-2018;4,172315047
264;2018;Københavns Kommune;0,004764141;285;-0,1;6,9;7;613288;69256;0;0;65;01-01-2018;3,74448111
265;2018;Køge Kommune;0,00163134;48;-0,1;7;7,1;60356;66811;1;1;66;01-01-2018;1,282187407
266;2018;Læsø Kommune;0,002465311;65;-0,1;6;6,1;1807;92435;1;1;67;01-01-2018;1,937665581
267;2018;Ringsted Kommune;0,002738433;171;-0,1;6,9;7;34473;67553;0;0;68;01-01-2018;2,152331771
268;2018;Vallensbæk Kommune;0,001303712;44;-0,1;7;7,1;16280;68975;0;0;69;01-01-2018;1,024681287
269;2018;Aarhus Kommune;0,000778752;9;-0,1;7,2;7,3;340421;64747;0;0;70;01-01-2018;0,612077524
270;2019;Albertslund Kommune;0,00135719;12;-0,1;6,4;6,5;27877;87933;0;0;67;01-01-2019;1,06671355
271;2019;Fredericia Kommune;0;0;-0,1;6,7;6,8;51427;67463;0;0;68;01-01-2019;0
272;2019;Glostrup Kommune;0,003748606;29;-0,1;6,5;6,6;22615;72725;0;0;69;01-01-2019;2,946299339
273;2019;Hvidovre Kommune;0,002208923;29;-0,1;6,7;6,8;53416;76004;0;0;70;01-01-2019;1,736151902
274;2019;Langeland Kommune;0,000447806;6;-0,1;6;6,1;12560;92389;1;1;71;01-01-2019;0,351963087
275;2019;Middelfart Kommune;0,001782995;11;-0,1;6,9;7;38553;64849;0;0;72;01-01-2019;1,401383962
276;2019;Næstved Kommune;0,003794484;122;-0,1;6,7;6,8;82991;63503;0;0;73;01-01-2019;2,982358435
277;2019;Odder Kommune;0,001245999;8;-0,1;6,9;7;22675;59924;0;0;74;01-01-2019;0,979320047
278;2019;Odsherred Kommune;0,001947093;26;-0,1;6,2;6,3;33122;78705;0;0;75;01-01-2019;1,530360411
279;2019;Ringsted Kommune;0,001497227;36;-0,1;6,5;6,6;34725;65449;0;0;76;01-01-2019;1,176778764
280;2019;Skanderborg Kommune;0,003198883;72;-0,1;7,2;7,3;61974;63629;0;0;77;01-01-2019;2,514232626
281;2016;Glostrup Kommune;0,002242139;79;-0,1;6,8;6,9;22461;74607;0;0;65;01-01-2016;1,762258212
282;2016;Norddjurs Kommune;0,001315086;58;-0,1;6,3;6,4;38144;73979;0;0;66;01-01-2016;1,033620983
283;2016;Odsherred Kommune;0,001434275;107;-0,1;6,3;6,4;32816;77314;0;0;67;01-01-2016;1,127300225
284;2017;Frederiksberg Kommune;0,001383932;102;-0,1;7,6;7,7;105037;63991;0;0;70;01-01-2017;1,087732013
285;2017;Frederikssund Kommune;0,002639328;58;-0,1;6,8;6,9;45036;70121;0;0;71;01-01-2017;2,074437611
286;2017;Kalundborg Kommune;0,001321398;65;-0,1;6,3;6,4;48736;68008;0;0;72;01-01-2017;1,038582179
287;2017;Odsherred Kommune;0,00184706;134;-0,1;6,3;6,4;33023;78095;0;0;73;01-01-2017;1,451737566
288;2017;Struer Kommune;0,003592581;72;-0,1;7,1;7,2;21347;66453;1;1;74;01-01-2017;2,823667967
289;2017;Thisted Kommune;0,002395402;14;-0,1;6,8;6,9;43826;64303;1;1;75;01-01-2017;1,882719083
290;2017;Tønder Kommune;0,002659325;97;-0,1;6,3;6,4;37928;64215;0;0;76;01-01-2017;2,090154677
291;2018;Frederiksberg Kommune;0,001329878;157;-0,1;7,6;7,7;104410;67244;0;0;71;01-01-2018;1,045247049
292;2018;Frederikssund Kommune;0,002715122;83;-0,1;7,1;7,2;45189;67857;0;0;72;01-01-2018;2,134009764
293;2018;Rødovre Kommune;0,003688473;103;-0,1;6,8;6,9;39343;80540;0;0;73;01-01-2018;2,899036176
294;2018;Tønder Kommune;0,002117005;61;-0,1;6,3;6,4;37777;65573;0;0;74;01-01-2018;1,663906945
295;2018;Tårnby Kommune;0,002879891;67;-0,1;6,6;6,7;43063;70472;1;0;75;01-01-2018;2,263513341
296;2019;Guldborgsund Kommune;0,001857881;16;-0,1;6,3;6,4;60930;67266;0;0;78;01-01-2019;1,460242661
297;2019;Haderslev Kommune;0,00149165;19;-0,1;6,6;6,7;55857;64027;0;0;79;01-01-2019;1,172394943
298;2019;Lejre Kommune;0,001760084;25;-0,1;7,3;7,4;27775;66926;0;0;80;01-01-2019;1,383376821
299;2019;Rødovre Kommune;0,002489715;24;-0,1;6,8;6,9;40052;78759;0;0;81;01-01-2019;1,956846013
300;2019;Stevns Kommune;0,003157678;40;-0,1;6,8;6,9;22782;57326;1;1;82;01-01-2019;2,481846194
301;2017;Faxe Kommune;0,00174879;52;-0,2;6,4;6,6;35916;60187;0;0;77;01-01-2017;1,374500301
302;2017;Stevns Kommune;0,002902975;99;-0,2;6,4;6,6;22492;52504;1;1;78;01-01-2017;2,28165724
303;2018;Ishøj Kommune;0,00295887;98;-0,2;5,9;6,1;22988;83861;0;0;76;01-01-2018;2,325589222
304;2018;Svendborg Kommune;0,00234088;89;-0,2;6,9;7,1;58698;71508;1;1;77;01-01-2018;1,839866312
305;2019;Holbæk Kommune;0,002937161;52;-0,2;6,4;6,6;71297;59793;1;1;83;01-01-2019;2,308526522
306;2019;Københavns Kommune;0,006025525;92;-0,2;6,9;7,1;623404;66679;0;0;84;01-01-2019;4,735893967
307;2016;Gladsaxe Kommune;0,002936282;144;-0,2;7,1;7,3;67914;65689;0;0;68;01-01-2016;2,307835677
308;2016;Greve Kommune;0,002395913;121;-0,2;6,8;7;49518;63268;0;0;69;01-01-2016;1,883120292
309;2016;Halsnæs Kommune;0,001944553;110;-0,2;6,2;6,4;31049;71624;1;1;70;01-01-2016;1,5283643
310;2016;Holbæk Kommune;0,001925049;98;-0,2;6,6;6,8;69972;60071;1;1;71;01-01-2016;1,513034271
311;2016;Hvidovre Kommune;0,00189354;120;-0,2;6,6;6,8;52831;74035;0;0;72;01-01-2016;1,488269195
312;2016;Kalundborg Kommune;0,001896305;124;-0,2;6,3;6,5;48660;65594;0;0;73;01-01-2016;1,49044268
313;2016;Københavns Kommune;0,003862085;297;-0,2;6,7;6,9;591481;67822;0;0;74;01-01-2016;3,035490504
314;2016;Næstved Kommune;0,00227994;145;-0,2;6,6;6,8;82342;55262;0;0;75;01-01-2016;1,791969228
315;2017;Brøndby Kommune;0,00338543;27;-0,2;6,1;6,3;35594;78387;0;0;79;01-01-2017;2,660853345
316;2017;Dragør Kommune;0,002261727;118;-0,2;7,7;7,9;14288;65691;0;0;80;01-01-2017;1,777654029
317;2017;Fredericia Kommune;0,001794793;17;-0,2;6,6;6,8;50868;61538;0;0;81;01-01-2017;1,410657235
318;2017;Ishøj Kommune;0,001512997;44;-0,2;6;6,2;22719;82063;0;0;82;01-01-2017;1,189173348
319;2017;Læsø Kommune;0,002180268;46;-0,2;5,5;5,7;1793;89715;1;1;83;01-01-2017;1,713629323
320;2018;Egedal Kommune;0,001301337;29;-0,2;7,1;7,3;43000;67713;0;0;78;01-01-2018;1,022814544
321;2018;Gladsaxe Kommune;0,003379235;237;-0,2;7,1;7,3;69484;69693;0;0;79;01-01-2018;2,655983856
322;2018;Greve Kommune;0,00225776;87;-0,2;6,7;6,9;49974;67577;0;0;80;01-01-2018;1,77453615
323;2018;Gribskov Kommune;0,002762061;168;-0,2;6,8;7;41217;68338;1;1;81;01-01-2018;2,170902771
324;2018;Halsnæs Kommune;0,003076415;105;-0,2;6,5;6,7;31168;73002;1;1;82;01-01-2018;2,417976282
325;2018;Helsingør Kommune;0,002501299;322;-0,2;7;7,2;62686;71328;0;0;83;01-01-2018;1,965951041
326;2018;Holbæk Kommune;0,002099224;99;-0,2;6,6;6,8;70983;58667;1;1;84;01-01-2018;1,649930932
327;2018;Høje-Taastrup Kommune;0,00294677;97;-0,2;6,2;6,4;50596;74946;0;0;85;01-01-2018;2,316078764
328;2018;Odsherred Kommune;0,002490289;130;-0,2;6,3;6,5;33083;79033;0;0;86;01-01-2018;1,957297738
329;2018;Sorø Kommune;0,003723626;135;-0,2;6,7;6,9;29669;62816;0;0;87;01-01-2018;2,92666552
330;2018;Thisted Kommune;0,002180548;115;-0,2;6,5;6,7;43716;66638;1;1;88;01-01-2018;1,713849361
331;2019;Frederikssund Kommune;0,002691294;38;-0,2;6,8;7;45332;69504;0;0;85;01-01-2019;2,115281764
332;2019;Hillerød Kommune;0,001194901;17;-0,2;7,3;7,5;50998;74812;1;1;86;01-01-2019;0,939158998
333;2019;Ishøj Kommune;0,001839664;18;-0,2;5,7;5,9;22946;85951;0;0;87;01-01-2019;1,44592452
334;2019;Nyborg Kommune;0,003904754;37;-0,2;6,3;6,5;32042;61396;0;0;88;01-01-2019;3,069027128
335;2019;Samsø Kommune;0,000718971;17;-0,2;5,8;6;3684;81126;0;0;89;01-01-2019;0,56509122
336;2019;Tårnby Kommune;0,000902635;8;-0,2;6,6;6,8;42984;68575;1;0;90;01-01-2019;0,709445848
337;2016;Albertslund Kommune;0,002998038;38;-0,3;6,2;6,5;27880;79855;0;0;76;01-01-2016;2,356373718
338;2016;Fredericia Kommune;0,001784929;33;-0,3;6,7;7;50689;59575;0;0;77;01-01-2016;1,402903872
339;2016;Frederikssund Kommune;0,001765449;37;-0,3;6,8;7,1;44725;68446;0;0;78;01-01-2016;1,387593601
340;2016;Helsingør Kommune;0,003676861;264;-0,3;7;7,3;62092;68317;0;0;79;01-01-2016;2,889909428
341;2016;Ishøj Kommune;0,001725162;45;-0,3;5,5;5,8;22358;80386;0;0;80;01-01-2016;1,355928704
342;2016;Lolland Kommune;0,002700867;58;-0,3;5,8;6,1;42638;68688;0;0;81;01-01-2016;2,122805704
343;2016;Vordingborg Kommune;0,002679989;139;-0,3;6,3;6,6;45806;62237;1;1;82;01-01-2016;2,106396477
344;2017;Albertslund Kommune;0,003443111;62;-0,3;6,3;6,6;27896;83456;0;0;84;01-01-2017;2,706189031
345;2017;Guldborgsund Kommune;0,002512369;89;-0,3;6,2;6,5;61257;62918;0;0;85;01-01-2017;1,974651646
346;2017;Holbæk Kommune;0,003627755;115;-0,3;6,4;6,7;70950;57782;1;1;86;01-01-2017;2,851313929
347;2018;Lolland Kommune;0,001992427;72;-0,3;5,7;6;41982;71434;0;0;89;01-01-2018;1,565991772
348;2018;Stevns Kommune;0,004102323;121;-0,3;6,4;6,7;22727;57470;1;1;90;01-01-2018;3,224310747
349;2018;Vordingborg Kommune;0,002018148;86;-0,3;6,4;6,7;46087;63811;1;1;91;01-01-2018;1,586207478
350;2019;Brøndby Kommune;0,000863558;1;-0,3;5,8;6,1;35397;82036;0;0;91;01-01-2019;0,678732273
351;2019;Faxe Kommune;0,002535738;14;-0,3;6,4;6,7;36513;63146;0;0;92;01-01-2019;1,993019227
352;2019;Greve Kommune;0,003663521;55;-0,3;6,9;7,2;50267;66126;0;0;93;01-01-2019;2,879425015
353;2019;Halsnæs Kommune;0,004069195;35;-0,3;6,3;6,6;31271;85919;1;1;94;01-01-2019;3,198273055
354;2019;Helsingør Kommune;0,00266961;89;-0,3;7;7,3;62567;74926;0;0;95;01-01-2019;2,098238416
355;2019;Kalundborg Kommune;0,002254711;43;-0,3;6;6,3;48681;73322;0;0;96;01-01-2019;1,772139689
356;2017;Helsingør Kommune;0,001944577;174;-0,3;7,1;7,4;62443;71916;0;0;87;01-01-2017;1,528383179
357;2017;Langeland Kommune;0,001571212;45;-0,3;6,1;6,4;12578;91634;1;1;88;01-01-2017;1,234928611
358;2018;Albertslund Kommune;0,002237395;54;-0,3;6,1;6,4;27743;83716;0;0;92;01-01-2018;1,758529979
359;2017;Lolland Kommune;0;0;-0,4;5,7;6,1;42285;67930;0;0;89;01-01-2017;0
360;2018;Langeland Kommune;0,001453198;48;-0,4;5,9;6,3;12641;96887;1;1;93;01-01-2018;1,142172662
361;2016;Gribskov Kommune;0,002176454;157;-0,4;6,6;7;41107;61034;1;1;83;01-01-2016;1,710632184
362;2016;Sorø Kommune;0,003516552;144;-0,4;6,5;6,9;29543;60955;0;0;84;01-01-2016;2,763911296
363;2018;Fanø Kommune;0,001239359;27;-0,4;6,3;6,7;3401;69491;1;1;94;01-01-2018;0,974101329
364;2016;Samsø Kommune;0,001919569;101;-0,5;5,4;5,9;3710;74411;0;0;85;01-01-2016;1,508727659
365;2017;Vordingborg Kommune;0,001717379;102;-0,5;6,1;6,6;46037;62062;1;1;90;01-01-2017;1,349811734
366;2018;Glostrup Kommune;0,003626925;155;-0,5;6,3;6,8;22663;75819;0;0;95;01-01-2018;2,85066139
367;2018;Kalundborg Kommune;0,003215198;163;-0,5;6;6,5;48982;69771;0;0;96;01-01-2018;2,527055464
368;2018;Morsø Kommune;0,002137305;88;-0,5;6,1;6,6;20514;68923;0;0;97;01-01-2018;1,679862148
369;2019;Vordingborg Kommune;0,001708676;32;-0,5;5,9;6,4;45816;67347;1;1;97;01-01-2019;1,342971705
